Date,Name,Year,Letterboxd URI,Rating
2023-12-21,Mulan II,2004,https://boxd.it/1ScG,3
2023-12-21,The Taking of Pelham 1 2 3,2009,https://boxd.it/1GS6,3
2023-12-21,A Good Day to Die Hard,2013,https://boxd.it/JrK,2
2023-12-21,Escape Plan,2013,https://boxd.it/3DX2,2.5
2023-12-21,The Expendables 3,2014,https://boxd.it/4rmK,2
2023-12-21,Enemy at the Gates,2001,https://boxd.it/29s2,2.5
2023-12-21,The A-Team,2010,https://boxd.it/1dHS,2.5
2023-12-21,Lethal Weapon 2,1989,https://boxd.it/29dQ,3
2023-12-21,The Transporter,2002,https://boxd.it/24Nu,2
2023-12-21,Lone Survivor,2013,https://boxd.it/5Qj4,3
2023-12-21,Non-Stop,2014,https://boxd.it/6FtO,3
2023-12-21,Deepwater Horizon,2016,https://boxd.it/9oiU,3
2023-12-21,Déjà Vu,2006,https://boxd.it/20PQ,4
2023-12-21,Live Free or Die Hard,2007,https://boxd.it/28zQ,2
2023-12-21,Blair Witch,2016,https://boxd.it/bO28,2.5
2023-12-21,Transformers: The Last Knight,2017,https://boxd.it/b8xo,3
2023-12-21,Meet Joe Black,1998,https://boxd.it/2aEI,3.5
2023-12-21,Transformers: Age of Extinction,2014,https://boxd.it/3d1m,3
2023-12-21,Lethal Weapon,1987,https://boxd.it/29e0,4
2023-12-21,Rocky II,1979,https://boxd.it/28Ua,4.5
2023-12-21,Rocky IV,1985,https://boxd.it/28T2,4
2023-12-21,Transformers: Dark of the Moon,2011,https://boxd.it/16aC,3.5
2023-12-21,Sully,2016,https://boxd.it/cD8Q,4
2023-12-21,Hannibal,2001,https://boxd.it/1XVc,3.5
2023-12-21,Jurassic Park III,2001,https://boxd.it/2azI,4
2023-12-24,The Secret in Their Eyes,2009,https://boxd.it/1vWw,5
2023-12-31,Before the Devil Knows You're Dead,2007,https://boxd.it/20Jy,1.5
2023-12-31,The Fabelmans,2022,https://boxd.it/ugoM,5
2023-12-31,Licorice Pizza,2021,https://boxd.it/qTKY,5
2023-12-31,The Irishman,2019,https://boxd.it/dYOq,5
2023-12-31,Once Upon a Time... in Hollywood,2019,https://boxd.it/gH0O,5
2023-12-31,The Revenant,2015,https://boxd.it/8H5e,4
2023-12-31,Rocky,1976,https://boxd.it/28Uk,5
2024-01-09,The Big Lebowski,1998,https://boxd.it/2b6C,4
2024-01-10,Gladiator,2000,https://boxd.it/2b9m,5
2024-01-10,The Silence of the Lambs,1991,https://boxd.it/2aHW,4
2024-01-12,American History X,1998,https://boxd.it/2bdo,2
2024-01-12,Manchester by the Sea,2016,https://boxd.it/b2L0,3.5
2024-01-12,The Big Short,2015,https://boxd.it/ajZw,3
2024-01-12,The Witch,2015,https://boxd.it/9X0m,4
2024-01-12,Whiplash,2014,https://boxd.it/7bQA,4
2024-01-12,The Wolf of Wall Street,2013,https://boxd.it/3C1m,4
2024-01-12,Captain Phillips,2013,https://boxd.it/3GPK,3
2024-01-12,Real Steel,2011,https://boxd.it/147m,4
2024-01-12,Transformers: Revenge of the Fallen,2009,https://boxd.it/20gG,4
2024-01-12,Gran Torino,2008,https://boxd.it/1Qzy,5
2024-01-12,Transformers,2007,https://boxd.it/280c,4
2024-01-12,King Kong,2005,https://boxd.it/2aLa,3.5
2024-01-12,The Terminal,2004,https://boxd.it/2a2O,4
2024-01-12,Man on Fire,2004,https://boxd.it/1Yvk,3
2024-01-12,Mystic River,2003,https://boxd.it/2aAG,4
2024-01-12,The Pianist,2002,https://boxd.it/2aqc,4
2024-01-12,Spider-Man,2002,https://boxd.it/2a8i,4
2024-01-12,Black Hawk Down,2001,https://boxd.it/29rI,3
2024-01-12,The Fast and the Furious,2001,https://boxd.it/1XMu,3.5
2024-01-12,American Psycho,2000,https://boxd.it/28Vs,3.5
2024-01-12,Notting Hill,1999,https://boxd.it/2aeK,4
2024-01-12,Titanic,1997,https://boxd.it/2a2k,5
2024-01-12,Mission: Impossible,1996,https://boxd.it/29d2,4
2024-01-12,Jumanji,1995,https://boxd.it/1ZLI,3.5
2024-01-12,Scarface,1983,https://boxd.it/2b7g,4
2024-01-12,E.T. the Extra-Terrestrial,1982,https://boxd.it/2a1G,3.5
2024-01-12,The Godfather Part II,1974,https://boxd.it/2aNq,5
2024-01-12,The Godfather,1972,https://boxd.it/2aNK,5
2024-01-12,The Nun II,2023,https://boxd.it/AyRY,2
2024-01-12,Insidious: The Red Door,2023,https://boxd.it/mIIu,3
2024-01-12,The Boogeyman,2023,https://boxd.it/jnna,2.5
2024-01-12,John Wick: Chapter 4,2023,https://boxd.it/mh48,2.5
2024-01-12,Ticket to Paradise,2022,https://boxd.it/u8Cc,2.5
2024-01-12,The Black Phone,2021,https://boxd.it/sqFE,3.5
2024-01-12,Malignant,2021,https://boxd.it/mViE,1.5
2024-01-12,Free Guy,2021,https://boxd.it/k8dm,2
2024-01-12,The Conjuring: The Devil Made Me Do It,2021,https://boxd.it/eXZY,2
2024-01-12,Godzilla vs. Kong,2021,https://boxd.it/e0qK,2.5
2024-01-12,Nobody,2021,https://boxd.it/mLqS,3
2024-01-12,The Father,2020,https://boxd.it/m8Ie,2
2024-01-12,Godzilla: King of the Monsters,2019,https://boxd.it/cY7Y,2
2024-01-12,Hellboy,2019,https://boxd.it/gjaA,2.5
2024-01-12,Bumblebee,2018,https://boxd.it/f21O,2
2024-01-12,Bohemian Rhapsody,2018,https://boxd.it/f1TK,2
2024-01-12,The Nun,2018,https://boxd.it/fBkw,2
2024-01-12,The Meg,2018,https://boxd.it/bAL4,1
2024-01-12,Mission: Impossible – Fallout,2018,https://boxd.it/bSVc,3.5
2024-01-12,Ocean's Eight,2018,https://boxd.it/eaai,3
2024-01-12,Rampage,2018,https://boxd.it/f9a4,2
2024-01-12,A Quiet Place,2018,https://boxd.it/fVJQ,3.5
2024-01-12,Geostorm,2017,https://boxd.it/8lC6,2
2024-01-12,Kong: Skull Island,2017,https://boxd.it/9ewM,2
2024-01-12,The Accountant,2016,https://boxd.it/9EhI,1.5
2024-01-12,The Founder,2016,https://boxd.it/9XwM,3
2024-01-12,The Conjuring 2,2016,https://boxd.it/7GJg,2.5
2024-01-12,Creed,2015,https://boxd.it/a2qk,3
2024-01-12,San Andreas,2015,https://boxd.it/7sUa,2
2024-01-12,Chappie,2015,https://boxd.it/5Y3e,1
2024-01-12,Taken 3,2014,https://boxd.it/7Iqq,1
2024-01-12,Fury,2014,https://boxd.it/6JwC,3.5
2024-01-12,Annabelle,2014,https://boxd.it/7l84,1
2024-01-12,John Wick,2014,https://boxd.it/7dEc,3
2024-01-12,The Theory of Everything,2014,https://boxd.it/7YtA,2
2024-01-12,Elysium,2013,https://boxd.it/2cBm,1.5
2024-01-12,The Wolverine,2013,https://boxd.it/2CWU,3
2024-01-12,About Time,2013,https://boxd.it/43bI,3.5
2024-01-12,The Lone Ranger,2013,https://boxd.it/ngU,2.5
2024-01-12,The Conjuring,2013,https://boxd.it/4sr2,2.5
2024-01-12,Before Midnight,2013,https://boxd.it/4ive,3
2024-01-12,Sinister,2012,https://boxd.it/2TnW,1
2024-01-12,127 Hours,2010,https://boxd.it/SLa,3
2024-01-12,The Expendables,2010,https://boxd.it/1rtA,2
2024-01-12,Avatar,2009,https://boxd.it/1Efm,3.5
2024-01-12,The Dark Knight,2008,https://boxd.it/2b0k,2.5
2024-01-12,I Am Legend,2007,https://boxd.it/21DG,3
2024-01-12,300,2006,https://boxd.it/28XI,3.5
2024-01-12,Batman Begins,2005,https://boxd.it/2aIg,3
2024-01-12,Ocean's Twelve,2004,https://boxd.it/2aZ2,3
2024-01-16,Ad Astra,2019,https://boxd.it/ePzI,4
2024-01-20,Triple Frontier,2019,https://boxd.it/dZUO,2
2024-01-20,No Country for Old Men,2007,https://boxd.it/21ew,5
2024-01-20,Schindler's List,1993,https://boxd.it/2aq2,5
2024-01-20,GoodFellas,1990,https://boxd.it/29FA,5
2024-01-20,Princess Mononoke,1997,https://boxd.it/2b4w,4
2024-01-20,Before Sunrise,1995,https://boxd.it/2bcU,4
2024-01-20,Heat,1995,https://boxd.it/2bg8,5
2024-01-20,Pulp Fiction,1994,https://boxd.it/29Pq,3.5
2024-01-20,Forrest Gump,1994,https://boxd.it/728,5
2024-01-20,Taxi Driver,1976,https://boxd.it/2b8y,5
2024-01-20,Pretty Woman,1990,https://boxd.it/2b6M,4
2024-01-20,Waiting for the Hearse,1985,https://boxd.it/1PIa,5
2024-01-28,Top Gun,1986,https://boxd.it/29JC,4
2024-01-28,Spirited Away,2001,https://boxd.it/2b4m,4
2024-02-11,The Holdovers,2023,https://boxd.it/vHza,5
2024-03-04,Society of the Snow,2023,https://boxd.it/y9aw,3
2024-03-04,Falling Down,1993,https://boxd.it/194M,3
2024-03-04,Saving Private Ryan,1998,https://boxd.it/29ro,5
2024-03-04,Catch Me If You Can,2002,https://boxd.it/29VS,5
2024-03-04,Die Hard With a Vengeance,1995,https://boxd.it/28zG,4
2024-03-09,Us,2019,https://boxd.it/gnV6,3.5
2024-03-09,To Catch a Killer,2023,https://boxd.it/mmKe,4.5
2024-03-09,Cocaine Bear,2023,https://boxd.it/ugw2,1
2024-03-09,The Menu,2022,https://boxd.it/lScm,2.5
2024-03-10,Killers of the Flower Moon,2023,https://boxd.it/gHp0,4.5
2024-03-15,Interstellar,2014,https://boxd.it/4VZ8,1.5
2024-03-15,Get Out,2017,https://boxd.it/eOCm,3.5
2024-03-15,Inside,2007,https://boxd.it/1QqG,2.5
2024-03-15,Requiem for a Dream,2000,https://boxd.it/29VI,2
2024-03-15,Valkyrie,2008,https://boxd.it/275g,3.5
2024-03-15,Inglourious Basterds,2009,https://boxd.it/1JzG,4.5
2024-03-18,It Comes at Night,2017,https://boxd.it/eLuk,1.5
2024-03-20,Reservoir Dogs,1992,https://boxd.it/2agc,3.5
2024-03-20,Kill Bill: Vol. 1,2003,https://boxd.it/70w,3
2024-03-20,Anatomy of a Fall,2023,https://boxd.it/yuDE,3
2024-03-23,Shutter Island,2010,https://boxd.it/1U82,3.5
2024-03-24,Scent of a Woman,1992,https://boxd.it/1YAu,4
2024-03-29,The Departed,2006,https://boxd.it/28MA,3.5
2024-04-14,10 Days Without Mom,2017,https://boxd.it/gK4u,3
2024-04-14,On Probation,2005,https://boxd.it/2Ivq,5
2024-04-14,The Heist of the Century,2020,https://boxd.it/mvuY,3
2024-04-14,Coach Carter,2005,https://boxd.it/218e,3
2024-04-28,Escape from Alcatraz,1979,https://boxd.it/1Vwk,3
2024-04-29,Unforgiven,1992,https://boxd.it/6Z4,4
2024-05-14,"LaRoy, Texas",2023,https://boxd.it/BRJQ,3
2024-07-31,Cop Land,1997,https://boxd.it/27ly,4
2024-07-31,Over the Top,1987,https://boxd.it/2852,3
2024-08-05,Rocky Balboa,2006,https://boxd.it/291q,5
2024-08-06,Nope,2022,https://boxd.it/sDCe,4
2024-08-06,When Evil Lurks,2023,https://boxd.it/rXBe,4
2024-08-12,Gone Girl,2014,https://boxd.it/6hQu,4
2024-08-19,Alien: Romulus,2024,https://boxd.it/zGqO,3
2024-09-03,Trap,2024,https://boxd.it/D4nK,5
2024-11-18,Rebel Ridge,2024,https://boxd.it/nZum,4
2024-11-18,Longlegs,2024,https://boxd.it/KzLM,3
2024-11-19,Senna,2010,https://boxd.it/kfE,5
2024-11-19,First Blood,1982,https://boxd.it/28U0,4
2024-11-19,Prisoners,2013,https://boxd.it/4E5i,4
2024-11-26,Wild Tales,2014,https://boxd.it/7UmK,5
2024-11-26,The Captive,2014,https://boxd.it/7bNG,4
2024-11-26,Se7en,1995,https://boxd.it/29zs,4
2024-11-26,Cape Fear,1991,https://boxd.it/28vu,4
2024-11-26,Rush,2013,https://boxd.it/3lyS,3.5
2024-11-26,The Aura,2005,https://boxd.it/1PHQ,5
2024-12-10,"It's Not You, It's Me",2004,https://boxd.it/2VjM,4
2024-12-11,Die Hard,1988,https://boxd.it/2a7u,5
2024-12-14,The Visit,2015,https://boxd.it/9ssO,4
2024-12-15,Time for Revenge,1981,https://boxd.it/Uvo,4
2025-01-03,Signs,2002,https://boxd.it/26t2,5
2025-01-04,Blue Ruin,2013,https://boxd.it/5H8G,3
2025-01-08,The Ghost and the Darkness,1996,https://boxd.it/1VTe,3
2025-01-10,Watcher,2022,https://boxd.it/uocO,2.5
2025-01-31,"Crazy, Stupid, Love.",2011,https://boxd.it/D9A,4
2025-02-02,Volcano,1997,https://boxd.it/1WsS,3
2025-02-04,Conclave,2024,https://boxd.it/AO8q,3
2025-02-21,The Gentlemen,2019,https://boxd.it/iYBQ,2
2025-03-07,A Fistful of Dollars,1964,https://boxd.it/2auo,5
2025-03-15,Split,2016,https://boxd.it/dgSy,5
2025-03-23,Speak No Evil,2024,https://boxd.it/G9f8,2.5
2025-03-24,The Sixth Sense,1999,https://boxd.it/29Js,5
2025-03-25,The Die Is Cast,2005,https://boxd.it/bwc,4
2025-03-25,A Silent Death,2025,https://boxd.it/Jcbk,2
2025-03-29,The Happening,2008,https://boxd.it/200o,2
2025-04-25,Chinese Take-Away,2011,https://boxd.it/2eGy,4
2025-05-25,Zodiac,2007,https://boxd.it/27MO,5
2025-05-26,Juror #2,2024,https://boxd.it/FRwU,4
2025-05-26,Manhunter,1986,https://boxd.it/1TOw,4
2025-05-26,Red Dragon,2002,https://boxd.it/1Yrs,3.5
2025-06-03,My Masterpiece,2018,https://boxd.it/jv20,3
2025-06-04,The Extortion,2023,https://boxd.it/z7sK,2
2025-06-08,The Clan,2015,https://boxd.it/bQmO,3
2025-06-08,Heretic,2024,https://boxd.it/H1lY,2
2025-06-09,Tropic Thunder,2008,https://boxd.it/20WM,5
2025-06-10,Green Book,2018,https://boxd.it/hErk,2
2025-06-10,Rocky III,1982,https://boxd.it/28Tw,4
2025-06-25,Step Brothers,2008,https://boxd.it/1SsE,4
2025-06-29,All the President's Men,1976,https://boxd.it/29lU,4
2025-07-08,Midnight in Paris,2011,https://boxd.it/i4a,4
2025-07-10,21 Jump Street,2012,https://boxd.it/J0,4
2025-07-14,Copycat,1995,https://boxd.it/28ga,4
2025-07-14,Django Unchained,2012,https://boxd.it/2cCk,3
2025-07-25,Ford v Ferrari,2019,https://boxd.it/ce74,5
2025-07-26,American Sniper,2014,https://boxd.it/5LDy,5
2025-08-11,The Master,2012,https://boxd.it/2cBG,4
2025-08-11,Finde,2021,https://boxd.it/wxVs,2.5
2025-08-13,Taken,2008,https://boxd.it/1ZXa,4
2025-08-17,Die Hard 2,1990,https://boxd.it/28zw,4
2025-08-22,Fargo,1996,https://boxd.it/2aHM,5
2025-08-29,The Eternaut,2025,https://boxd.it/Uh9U,4
2025-08-29,Heroic Losers,2019,https://boxd.it/lXFS,3
2025-08-29,White Elephant,2012,https://boxd.it/3IeG,2.5
2025-08-29,Thesis on a Homicide,2013,https://boxd.it/5cm8,2.5
2025-09-08,F1,2025,https://boxd.it/yjVM,5
2025-09-09,The Insider,1999,https://boxd.it/1ZoE,4
2025-09-10,3:10 to Yuma,2007,https://boxd.it/23g0,4
2025-09-11,Hard Eight,1996,https://boxd.it/20DU,3.5
2025-09-13,Unbreakable,2000,https://boxd.it/1XV2,4
2025-09-16,Spotlight,2015,https://boxd.it/a84k,4
2025-09-16,Moon of Avellaneda,2004,https://boxd.it/lp6,4
2025-09-19,Boogie Nights,1997,https://boxd.it/23um,4
2025-09-27,Magnolia,1999,https://boxd.it/2aze,4
2025-09-27,Nowhere to Run,1993,https://boxd.it/1Wkk,3
2025-09-28,Hard Target,1993,https://boxd.it/27Ck,3
2025-09-29,Jaws,1975,https://boxd.it/2a5e,5
2025-09-30,The Guilty,2021,https://boxd.it/kOPW,3.5
2025-10-01,The Untouchables,1987,https://boxd.it/2b6i,5
2025-10-02,Eyes Wide Shut,1999,https://boxd.it/2axs,5
2025-10-04,There Will Be Blood,2007,https://boxd.it/20Z2,5
2025-10-06,One Battle After Another,2025,https://boxd.it/DUHM,5
